{
  "routes": [
    {
      "route": "/api/*",
      "allowedRoles": ["anonymous"]
    },
    {
      "route": "/*",
      "serve": "/index.html",
      "statusCode": 200
    }
  ],
  "navigationFallback": {
    "rewrite": "/index.html",
    "exclude": ["/api/*", "*.{css,scss,js,png,gif,ico,jpg,svg}"]
  },
  "mimeTypes": {
    ".json": "application/json"
  },
  "globalHeaders": {
    "Cache-Control": "no-cache"
  },
  "responseOverrides": {
    "401": {
      "redirect": "/login",
      "statusCode": 302
    }
  }
}

